model,accuracy,precision_weighted,recall_weighted,f1_weighted,f1_macro
Logistic Regression,0.8571428571428571,0.880952380952381,0.8571428571428571,0.8523809523809524,0.8523809523809524
Naive Bayes,0.5714285714285714,0.6952380952380953,0.5714285714285714,0.5836734693877552,0.5836734693877552
Random Forest,0.35714285714285715,0.24285714285714285,0.35714285714285715,0.2619047619047619,0.2619047619047619
