accuracy,precision_weighted,recall_weighted,f1_weighted,f1_macro,model,val_loss
0.5714285714285714,0.5,0.5714285714285714,0.4952380952380952,0.4952380952380952,PyTorch MeanPooling MLP,2.234489321708679
